Cuisine Type,Dietary Restriction,Meal Type
Korean,Vegan,Breakfast
Korean,Vegan,Lunch
Korean,Vegan,Dinner
Korean,Vegan,Snack
Korean,Gluten-free,Breakfast
Korean,Gluten-free,Lunch
Korean,Gluten-free,Dinner
Korean,Gluten-free,Snack
Korean,Keto,Breakfast
Korean,Keto,Lunch
Korean,Keto,Dinner
Korean,Keto,Snack
Korean,None,Breakfast
Korean,None,Lunch
Korean,None,Dinner
Korean,None,Snack
Japanese,Vegan,Breakfast
Japanese,Vegan,Lunch
Japanese,Vegan,Dinner
Japanese,Vegan,Snack
Japanese,Gluten-free,Breakfast
Japanese,Gluten-free,Lunch
Japanese,Gluten-free,Dinner
Japanese,Gluten-free,Snack
Japanese,Keto,Breakfast
Japanese,Keto,Lunch
Japanese,Keto,Dinner
Japanese,Keto,Snack
Japanese,None,Breakfast
Japanese,None,Lunch
Japanese,None,Dinner
Japanese,None,Snack
Chinese,Vegan,Breakfast
Chinese,Vegan,Lunch
Chinese,Vegan,Dinner
Chinese,Vegan,Snack
Chinese,Gluten-free,Breakfast
Chinese,Gluten-free,Lunch
Chinese,Gluten-free,Dinner
Chinese,Gluten-free,Snack
Chinese,Keto,Breakfast
Chinese,Keto,Lunch
Chinese,Keto,Dinner
Chinese,Keto,Snack
Chinese,None,Breakfast
Chinese,None,Lunch
Chinese,None,Dinner
Chinese,None,Snack
Thai,Vegan,Breakfast
Thai,Vegan,Lunch
Thai,Vegan,Dinner
Thai,Vegan,Snack
Thai,Gluten-free,Breakfast
Thai,Gluten-free,Lunch
Thai,Gluten-free,Dinner
Thai,Gluten-free,Snack
Thai,Keto,Breakfast
Thai,Keto,Lunch
Thai,Keto,Dinner
Thai,Keto,Snack
Thai,None,Breakfast
Thai,None,Lunch
Thai,None,Dinner
Thai,None,Snack
Mexican,Vegan,Breakfast
Mexican,Vegan,Lunch
Mexican,Vegan,Dinner
Mexican,Vegan,Snack
Mexican,Gluten-free,Breakfast
Mexican,Gluten-free,Lunch
Mexican,Gluten-free,Dinner
Mexican,Gluten-free,Snack
Mexican,Keto,Breakfast
Mexican,Keto,Lunch
Mexican,Keto,Dinner
Mexican,Keto,Snack
Mexican,None,Breakfast
Mexican,None,Lunch
Mexican,None,Dinner
Mexican,None,Snack
Italian,Vegan,Breakfast
Italian,Vegan,Lunch
Italian,Vegan,Dinner
Italian,Vegan,Snack
Italian,Gluten-free,Breakfast
Italian,Gluten-free,Lunch
Italian,Gluten-free,Dinner
Italian,Gluten-free,Snack
Italian,Keto,Breakfast
Italian,Keto,Lunch
Italian,Keto,Dinner
Italian,Keto,Snack
Italian,None,Breakfast
Italian,None,Lunch
Italian,None,Dinner
Italian,None,Snack
Korean,Vegan,Breakfast
Japanese,Keto,Lunch
Chinese,None,Snack
Italian,Gluten-free,Dinner
